,precision,recall,f1-score,support
negative,0.7916666666666666,0.4318181818181818,0.5588235294117647,44.0
neutral,0.61875,0.9519230769230769,0.75,104.0
positive,0.8571428571428571,0.13953488372093023,0.24,43.0
accuracy,0.6492146596858639,0.6492146596858639,0.6492146596858639,0.6492146596858639
macro avg,0.7558531746031746,0.507758714154063,0.5162745098039215,191.0
weighted avg,0.712253802044378,0.6492146596858639,0.5911425931629196,191.0
