,precision,recall,f1-score,support
negative,0.7872340425531915,0.8409090909090909,0.8131868131868133,44.0
neutral,0.8529411764705882,0.8365384615384616,0.8446601941747574,104.0
positive,0.7857142857142857,0.7674418604651163,0.7764705882352941,43.0
accuracy,0.8219895287958116,0.8219895287958116,0.8219895287958116,0.8219895287958116
macro avg,0.8086298349126885,0.8149631376375562,0.8114391985322883,191.0
weighted avg,0.8226696047696119,0.8219895287958116,0.8220581951231005,191.0
