,precision,recall,f1-score,support
negative,0.74,0.8409090909090909,0.7872340425531915,44.0
neutral,0.875,0.8076923076923077,0.8400000000000001,104.0
positive,0.8,0.8372093023255814,0.8181818181818183,43.0
accuracy,0.8219895287958116,0.8219895287958116,0.8219895287958116,0.8219895287958116
macro avg,0.805,0.8286035669756601,0.8151386202450034,191.0
weighted avg,0.8270157068062828,0.8219895287958116,0.8229325447861707,191.0
