,precision,recall,f1-score,support
negative,0.7727272727272727,0.7727272727272727,0.7727272727272727,44.0
neutral,0.8404255319148937,0.7596153846153846,0.7979797979797979,104.0
positive,0.6981132075471698,0.8604651162790697,0.7708333333333334,43.0
accuracy,0.7853403141361257,0.7853403141361257,0.7853403141361257,0.7853403141361257
macro avg,0.770422004063112,0.7976025912072423,0.780513468013468,191.0
weighted avg,0.7927912211710851,0.7853403141361257,0.7860509545718969,191.0
