,precision,recall,f1-score,support
negative,0.782608695652174,0.8181818181818182,0.8,44.0
neutral,0.8585858585858586,0.8173076923076923,0.8374384236453203,104.0
positive,0.782608695652174,0.8372093023255814,0.8089887640449438,43.0
accuracy,0.8219895287958116,0.8219895287958116,0.8219895287958116,0.8219895287958116
macro avg,0.8079344166300687,0.8242329376050307,0.815475729230088,191.0
weighted avg,0.8239784597626619,0.8219895287958116,0.8224089681311303,191.0
