,precision,recall,f1-score,support
negative,0.7906976744186046,0.7727272727272727,0.7816091954022988,44.0
neutral,0.8173076923076923,0.8173076923076923,0.8173076923076923,104.0
positive,0.75,0.7674418604651163,0.7586206896551724,43.0
accuracy,0.7958115183246073,0.7958115183246073,0.7958115183246073,0.7958115183246073
macro avg,0.7860017889087656,0.7858256085000271,0.7858458591217211,191.0
weighted avg,0.796024595154024,0.7958115183246073,0.7958716976590238,191.0
