,precision,recall,f1-score,support
negative,0.75,0.6818181818181818,0.7142857142857143,44.0
neutral,0.7699115044247787,0.8365384615384616,0.8018433179723502,104.0
positive,0.7631578947368421,0.6744186046511628,0.7160493827160495,43.0
accuracy,0.7643979057591623,0.7643979057591623,0.7643979057591623,0.7643979057591623
macro avg,0.7610231330538736,0.7309250826692687,0.744059471658038,191.0
weighted avg,0.7638041148369696,0.7643979057591623,0.7623581149449528,191.0
