,precision,recall,f1-score,support
negative,0.7804878048780488,0.7272727272727273,0.7529411764705882,44.0
neutral,0.8,0.8461538461538461,0.8224299065420562,104.0
positive,0.8,0.7441860465116279,0.7710843373493975,43.0
accuracy,0.7958115183246073,0.7958115183246073,0.7958115183246073,0.7958115183246073
macro avg,0.7934959349593497,0.7725375399794004,0.7821518067873473,191.0
weighted avg,0.7955050440556761,0.7958115183246073,0.7948625578591821,191.0
