,precision,recall,f1-score,support
negative,0.7083333333333334,0.7727272727272727,0.7391304347826088,44.0
neutral,0.7962962962962963,0.8269230769230769,0.8113207547169811,104.0
positive,0.8285714285714286,0.6744186046511628,0.7435897435897435,43.0
accuracy,0.7801047120418848,0.7801047120418848,0.7801047120418848,0.7801047120418848
macro avg,0.7777336860670195,0.7580229847671708,0.7646803110297777,191.0
weighted avg,0.7832987063353555,0.7801047120418848,0.7794421811275382,191.0
