,precision,recall,f1-score,support
negative,0.7906976744186046,0.7727272727272727,0.7816091954022988,44.0
neutral,0.8207547169811321,0.8365384615384616,0.8285714285714286,104.0
positive,0.7857142857142857,0.7674418604651163,0.7764705882352941,43.0
accuracy,0.806282722513089,0.806282722513089,0.806282722513089,0.806282722513089
macro avg,0.7990555590380075,0.7922358649102835,0.7955504040696738,191.0
weighted avg,0.805941898042778,0.806282722513089,0.806023395095536,191.0
