,precision,recall,f1-score,support
negative,0.7058823529411765,0.8181818181818182,0.7578947368421053,44.0
neutral,0.8977272727272727,0.7596153846153846,0.8229166666666666,104.0
positive,0.6923076923076923,0.8372093023255814,0.7578947368421053,43.0
accuracy,0.7905759162303665,0.7905759162303665,0.7905759162303665,0.7905759162303665
macro avg,0.7653057726587139,0.8050021683742615,0.7795687134502924,191.0
weighted avg,0.8072863385459628,0.7905759162303665,0.7932993478460548,191.0
