,precision,recall,f1-score,support
negative,0.7021276595744681,0.75,0.7252747252747254,44.0
neutral,0.8181818181818182,0.7788461538461539,0.7980295566502463,104.0
positive,0.7333333333333333,0.7674418604651163,0.7499999999999999,43.0
accuracy,0.7696335078534031,0.7696335078534031,0.7696335078534031,0.7696335078534031
macro avg,0.7512142703632065,0.7654293381037567,0.7577680939749906,191.0
weighted avg,0.772344813850885,0.7696335078534031,0.7704563445220604,191.0
