,precision,recall,f1-score,support
negative,0.7352941176470589,0.5681818181818182,0.641025641025641,44.0
neutral,0.7622950819672131,0.8942307692307693,0.8230088495575222,104.0
positive,0.8571428571428571,0.6976744186046512,0.7692307692307693,43.0
accuracy,0.774869109947644,0.774869109947644,0.774869109947644,0.774869109947644
macro avg,0.7849106855857096,0.7200290020057462,0.7444217532713108,191.0
weighted avg,0.7774281285769822,0.774869109947644,0.7689789090891811,191.0
