,precision,recall,f1-score,support
negative,0.7608695652173914,0.7954545454545454,0.7777777777777778,44.0
neutral,0.8214285714285714,0.8846153846153846,0.8518518518518519,104.0
positive,0.9090909090909091,0.6976744186046512,0.7894736842105263,43.0
accuracy,0.8219895287958116,0.8219895287958116,0.8219895287958116,0.8219895287958116
macro avg,0.8304630152456239,0.7925814495581937,0.8063677712800521,191.0
weighted avg,0.8272133057018101,0.8219895287958116,0.8207444148474735,191.0
