,precision,recall,f1-score,support
negative,0.75,0.8181818181818182,0.7826086956521738,44.0
neutral,0.8073394495412844,0.8461538461538461,0.8262910798122065,104.0
positive,0.8235294117647058,0.6511627906976745,0.7272727272727273,43.0
accuracy,0.7958115183246073,0.7958115183246073,0.7958115183246073,0.7958115183246073
macro avg,0.7936229537686635,0.7718328183444463,0.7787241675790358,191.0
weighted avg,0.7977752222941148,0.7958115183246073,0.7939360323659288,191.0
