,precision,recall,f1-score,support
negative,0.7021276595744681,0.75,0.7252747252747254,44.0
neutral,0.8651685393258427,0.7403846153846154,0.7979274611398964,104.0
positive,0.6909090909090909,0.8837209302325582,0.7755102040816326,43.0
accuracy,0.774869109947644,0.774869109947644,0.774869109947644,0.774869109947644
macro avg,0.7527350966031339,0.7913685152057246,0.7662374634987515,191.0
weighted avg,0.7883781990589275,0.774869109947644,0.7761438881997244,191.0
