,precision,recall,f1-score,support
negative,0.7647058823529411,0.8863636363636364,0.8210526315789474,44.0
neutral,0.898876404494382,0.7692307692307693,0.8290155440414508,104.0
positive,0.7254901960784313,0.8604651162790697,0.7872340425531916,43.0
accuracy,0.8167539267015707,0.8167539267015707,0.8167539267015707,0.8167539267015707
macro avg,0.7963574943085848,0.8386865072911585,0.81243407272453,191.0
weighted avg,0.8289334205356947,0.8167539267015707,0.8177748492124179,191.0
