,precision,recall,f1-score,support
negative,0.7291666666666666,0.7954545454545454,0.7608695652173914,44.0
neutral,0.8070175438596491,0.8846153846153846,0.8440366972477065,104.0
positive,0.896551724137931,0.6046511627906976,0.7222222222222221,43.0
accuracy,0.8010471204188482,0.8010471204188482,0.8010471204188482,0.8010471204188482
macro avg,0.8109119782214155,0.7615736976202093,0.7757094948957732,191.0
weighted avg,0.8092402200663239,0.8010471204188482,0.7974535755962422,191.0
