,precision,recall,f1-score,support
negative,0.7954545454545454,0.7954545454545454,0.7954545454545455,44.0
neutral,0.8484848484848485,0.8076923076923077,0.8275862068965517,104.0
positive,0.75,0.8372093023255814,0.7912087912087912,43.0
accuracy,0.8115183246073299,0.8115183246073299,0.8115183246073299,0.8115183246073299
macro avg,0.797979797979798,0.8134520518241448,0.8047498478532962,191.0
weighted avg,0.8140964620022212,0.8115183246073299,0.8119944687917247,191.0
