,precision,recall,f1-score,support
negative,0.660377358490566,0.7954545454545454,0.7216494845360825,44.0
neutral,0.8282828282828283,0.7884615384615384,0.8078817733990148,104.0
positive,0.8205128205128205,0.7441860465116279,0.7804878048780488,43.0
accuracy,0.7801047120418848,0.7801047120418848,0.7801047120418848,0.7801047120418848
macro avg,0.7697243357620716,0.7760340434759039,0.7700063542710488,191.0
weighted avg,0.7878537654295827,0.7801047120418848,0.7818495149886977,191.0
