,precision,recall,f1-score,support
negative,0.6923076923076923,0.8181818181818182,0.7500000000000001,44.0
neutral,0.8367346938775511,0.7884615384615384,0.8118811881188118,104.0
positive,0.7804878048780488,0.7441860465116279,0.761904761904762,43.0
accuracy,0.7853403141361257,0.7853403141361257,0.7853403141361257,0.7853403141361257
macro avg,0.7698433970210973,0.7836098010516616,0.7745953166745246,191.0
weighted avg,0.7908006399715177,0.7853403141361257,0.7863745985668126,191.0
