,precision,recall,f1-score,support
negative,0.7045454545454546,0.7045454545454546,0.7045454545454546,44.0
neutral,0.7857142857142857,0.8461538461538461,0.8148148148148148,104.0
positive,0.8,0.6511627906976745,0.7179487179487181,43.0
accuracy,0.7696335078534031,0.7696335078534031,0.7696335078534031,0.7696335078534031
macro avg,0.7634199134199134,0.7339540304656585,0.7457696624363291,191.0
weighted avg,0.7702318623784592,0.7696335078534031,0.767604898494951,191.0
