,precision,recall,f1-score,support
negative,0.7317073170731707,0.6818181818181818,0.7058823529411764,44.0
neutral,0.8118811881188119,0.7884615384615384,0.8,104.0
positive,0.673469387755102,0.7674418604651163,0.7173913043478259,43.0
accuracy,0.7591623036649214,0.7591623036649214,0.7591623036649214,0.7591623036649214
macro avg,0.7390192976490283,0.7459071935816123,0.7410912190963342,191.0
weighted avg,0.7622510428745829,0.7591623036649214,0.7597206786197291,191.0
