,precision,recall,f1-score,support
negative,0.7380952380952381,0.7045454545454546,0.7209302325581395,44.0
neutral,0.7787610619469026,0.8461538461538461,0.8110599078341013,104.0
positive,0.8055555555555556,0.6744186046511628,0.7341772151898734,43.0
accuracy,0.774869109947644,0.774869109947644,0.774869109947644,0.774869109947644
macro avg,0.7741372851992322,0.7417059684501545,0.7553891185273715,191.0
weighted avg,0.7754252869505615,0.774869109947644,0.7729883816778493,191.0
