,precision,recall,f1-score,support
negative,0.6976744186046512,0.6818181818181818,0.6896551724137931,44.0
neutral,0.7610619469026548,0.8269230769230769,0.7926267281105989,104.0
positive,0.7714285714285715,0.627906976744186,0.6923076923076923,43.0
accuracy,0.7486910994764397,0.7486910994764397,0.7486910994764397,0.7486910994764397
macro avg,0.7433883123119592,0.7122160784951482,0.7248631976106946,191.0
weighted avg,0.7487934317691588,0.7486910994764397,0.7463206182143454,191.0
