,precision,recall,f1-score,support
negative,0.7380952380952381,0.7045454545454546,0.7209302325581395,44.0
neutral,0.8173076923076923,0.8173076923076923,0.8173076923076923,104.0
positive,0.7555555555555555,0.7906976744186046,0.7727272727272727,43.0
accuracy,0.7853403141361257,0.7853403141361257,0.7853403141361257,0.7853403141361257
macro avg,0.7703194953194954,0.7708502737572505,0.7703217325310349,191.0
weighted avg,0.7851574835868029,0.7853403141361257,0.7850691254441406,191.0
