,precision,recall,f1-score,support
negative,0.7380952380952381,0.7045454545454546,0.7209302325581395,44.0
neutral,0.775,0.8942307692307693,0.8303571428571429,104.0
positive,0.896551724137931,0.6046511627906976,0.7222222222222221,43.0
accuracy,0.7853403141361257,0.7853403141361257,0.7853403141361257,0.7853403141361257
macro avg,0.803215654077723,0.734475795522307,0.7578365325458348,191.0
weighted avg,0.7938634272990656,0.7853403141361257,0.7808043384568406,191.0
