,precision,recall,f1-score,support
negative,0.7777777777777778,0.6363636363636364,0.7000000000000001,44.0
neutral,0.7711864406779662,0.875,0.8198198198198198,104.0
positive,0.8108108108108109,0.6976744186046512,0.75,43.0
accuracy,0.7801047120418848,0.7801047120418848,0.7801047120418848,0.7801047120418848
macro avg,0.786591676422185,0.7363460183227625,0.7566066066066067,191.0
weighted avg,0.7816255335999769,0.7801047120418848,0.7764987500589594,191.0
