,precision,recall,f1-score,support
negative,0.6904761904761905,0.6590909090909091,0.6744186046511628,44.0
neutral,0.7980769230769231,0.7980769230769231,0.7980769230769231,104.0
positive,0.7111111111111111,0.7441860465116279,0.7272727272727273,43.0
accuracy,0.7539267015706806,0.7539267015706806,0.7539267015706806,0.7539267015706806
macro avg,0.7332214082214082,0.7337846262264867,0.7332560850002711,191.0
weighted avg,0.7537106291032993,0.7539267015706806,0.7536499784155939,191.0
