,precision,recall,f1-score,support
negative,0.7101910828025477,0.832089552238806,0.7663230240549829,268.0
neutral,0.7151515151515152,0.46825396825396826,0.565947242206235,252.0
positive,0.5957446808510638,0.7216494845360825,0.6526806526806526,194.0
accuracy,0.6736694677871149,0.6736694677871149,0.6736694677871149,0.6736694677871149
macro avg,0.6736957596017089,0.6739976683429522,0.6616503063139568,714.0
weighted avg,0.680845742429091,0.6736694677871149,0.6647245407601585,714.0
