,precision,recall,f1-score,support
negative,0.7282229965156795,0.7798507462686567,0.7531531531531531,268.0
neutral,0.6696428571428571,0.5952380952380952,0.6302521008403361,252.0
positive,0.6847290640394089,0.7164948453608248,0.7002518891687658,194.0
accuracy,0.6974789915966386,0.6974789915966386,0.6974789915966386,0.6974789915966386
macro avg,0.6941983058993152,0.6971945622891922,0.694552381054085,714.0
weighted avg,0.6957299740754165,0.6974789915966386,0.695402578369118,714.0
