,precision,recall,f1-score,support
negative,0.7596899224806202,0.7313432835820896,0.7452471482889734,268.0
neutral,0.6417910447761194,0.6825396825396826,0.6615384615384614,252.0
positive,0.6968085106382979,0.6752577319587629,0.6858638743455496,194.0
accuracy,0.6988795518207283,0.6988795518207283,0.6988795518207283,0.6988795518207283
macro avg,0.6994298259650124,0.6963802326935117,0.6975498280576615,714.0
weighted avg,0.7009931282524062,0.6988795518207283,0.6995679547229324,714.0
