,precision,recall,f1-score,support
negative,0.7016949152542373,0.7723880597014925,0.7353463587921848,268.0
neutral,0.5787671232876712,0.6706349206349206,0.6213235294117647,252.0
positive,0.7637795275590551,0.5,0.6043613707165109,194.0
accuracy,0.6624649859943977,0.6624649859943977,0.6624649859943977,0.6624649859943977
macro avg,0.681413855366988,0.6476743267788043,0.6536770863068201,714.0
weighted avg,0.6751775640099236,0.6624649859943977,0.6595132485813353,714.0
