,precision,recall,f1-score,support
negative,0.7259786476868327,0.7611940298507462,0.7431693989071038,268.0
neutral,0.6550387596899225,0.6706349206349206,0.6627450980392157,252.0
positive,0.72,0.6494845360824743,0.6829268292682926,194.0
accuracy,0.6988795518207283,0.6988795518207283,0.6988795518207283,0.6988795518207283
macro avg,0.7003391357922517,0.6937711621893804,0.6962804420715374,714.0
weighted avg,0.699316589666571,0.6988795518207283,0.6984159222563514,714.0
