,precision,recall,f1-score,support
negative,0.6927899686520376,0.8246268656716418,0.7529812606473594,268.0
neutral,0.5970695970695971,0.6468253968253969,0.6209523809523809,252.0
positive,0.819672131147541,0.5154639175257731,0.6329113924050632,194.0
accuracy,0.6778711484593838,0.6778711484593838,0.6778711484593838,0.6778711484593838
macro avg,0.7031772322897253,0.6623053933409372,0.6689483446682679,714.0
weighted avg,0.6934812934214392,0.6778711484593838,0.6737588066947823,714.0
