,precision,recall,f1-score,support
negative,0.7471264367816092,0.7276119402985075,0.7372400756143667,268.0
neutral,0.6111111111111112,0.6547619047619048,0.6321839080459771,252.0
positive,0.7049180327868853,0.6649484536082474,0.6843501326259946,194.0
accuracy,0.6848739495798319,0.6848739495798319,0.6848739495798319,0.6848739495798319
macro avg,0.6877185268932019,0.6824407662228865,0.6845913720954462,714.0
weighted avg,0.687652637840514,0.6848739495798319,0.6857907714589349,714.0
