,precision,recall,f1-score,support
negative,0.7416974169741697,0.75,0.7458256029684601,268.0
neutral,0.6173285198555957,0.6785714285714286,0.6465028355387523,252.0
positive,0.7289156626506024,0.6237113402061856,0.6722222222222222,194.0
accuracy,0.6904761904761905,0.6904761904761905,0.6904761904761905,0.6904761904761905
macro avg,0.6959805331601224,0.6840942562592046,0.6881835535764781,714.0
weighted avg,0.6943295984690537,0.6904761904761905,0.6907718308997535,714.0
