,precision,recall,f1-score,support
negative,0.7822222222222223,0.6567164179104478,0.7139959432048681,268.0
neutral,0.6142322097378277,0.6507936507936508,0.631984585741811,252.0
positive,0.6666666666666666,0.7628865979381443,0.7115384615384616,194.0
accuracy,0.6834733893557423,0.6834733893557423,0.6834733893557423,0.6834733893557423
macro avg,0.6877070328755721,0.690132222214081,0.685839663495047,714.0
weighted avg,0.691534181712635,0.6834733893557423,0.6843830391096675,714.0
