,precision,recall,f1-score,support
negative,0.7536231884057971,0.7761194029850746,0.7647058823529411,268.0
neutral,0.6254545454545455,0.6825396825396826,0.6527514231499052,252.0
positive,0.7668711656441718,0.6443298969072165,0.700280112044818,194.0
accuracy,0.7072829131652661,0.7072829131652661,0.7072829131652661,0.7072829131652661
macro avg,0.715316299834838,0.7009963274773247,0.7059124725158882,714.0
weighted avg,0.7119867872300678,0.7072829131652661,0.7076875025785141,714.0
