,precision,recall,f1-score,support
negative,0.7055016181229773,0.8134328358208955,0.755632582322357,268.0
neutral,0.6392156862745098,0.6468253968253969,0.6429980276134123,252.0
positive,0.7533333333333333,0.5824742268041238,0.6569767441860466,194.0
accuracy,0.6918767507002801,0.6918767507002801,0.6918767507002801,0.6918767507002801
macro avg,0.6993502125769401,0.6809108198168055,0.6852024513739385,714.0
weighted avg,0.6951028757210098,0.6918767507002801,0.6890735621751605,714.0
