,precision,recall,f1-score,support
negative,0.7034482758620689,0.7611940298507462,0.7311827956989247,268.0
neutral,0.5964912280701754,0.6746031746031746,0.633147113594041,252.0
positive,0.7697841726618705,0.5515463917525774,0.6426426426426427,194.0
accuracy,0.6736694677871149,0.6736694677871149,0.6736694677871149,0.6736694677871149
macro avg,0.6899078921980383,0.662447865402166,0.6689908506452028,714.0
weighted avg,0.6837227687690778,0.6736694677871149,0.6725248382992757,714.0
