,precision,recall,f1-score,support
negative,0.793859649122807,0.6753731343283582,0.7298387096774194,268.0
neutral,0.5705329153605015,0.7222222222222222,0.637478108581436,252.0
positive,0.7065868263473054,0.6082474226804123,0.6537396121883656,194.0
accuracy,0.6736694677871149,0.6736694677871149,0.6736694677871149,0.6736694677871149
macro avg,0.6903264636102047,0.6686142597436643,0.6736854768157404,714.0
weighted avg,0.6913256651920671,0.6736694677871149,0.6765640648748085,714.0
