,precision,recall,f1-score,support
negative,0.7124600638977636,0.832089552238806,0.7676419965576592,268.0
neutral,0.608058608058608,0.6587301587301587,0.6323809523809524,252.0
positive,0.8046875,0.5309278350515464,0.6397515527950312,194.0
accuracy,0.6890756302521008,0.6890756302521008,0.6890756302521008,0.6890756302521008
macro avg,0.7084020573187906,0.6739158486735036,0.6799248339112142,714.0
weighted avg,0.7006714864921146,0.6890756302521008,0.6851538603917208,714.0
