,precision,recall,f1-score,support
negative,0.7142857142857143,0.8582089552238806,0.7796610169491526,268.0
neutral,0.7004608294930875,0.6031746031746031,0.6481876332622601,252.0
positive,0.7085714285714285,0.6391752577319587,0.6720867208672086,194.0
accuracy,0.7086834733893558,0.7086834733893558,0.7086834733893558,0.7086834733893558
macro avg,0.7077726574500768,0.7001862720434809,0.6999784570262072,714.0
weighted avg,0.7078537221340149,0.7086834733893558,0.7040297758721301,714.0
