,precision,recall,f1-score,support
negative,0.7046979865771812,0.7835820895522388,0.7420494699646643,268.0
neutral,0.6284584980237155,0.6309523809523809,0.6297029702970298,252.0
positive,0.7607361963190185,0.6391752577319587,0.6946778711484594,194.0
accuracy,0.6904761904761905,0.6904761904761905,0.6904761904761905,0.6904761904761905
macro avg,0.697964226973305,0.6845699094121929,0.6888101038033844,714.0
weighted avg,0.6930159999867652,0.6904761904761905,0.6895264894512362,714.0
