,precision,recall,f1-score,support
negative,0.7232472324723247,0.7313432835820896,0.7272727272727272,268.0
neutral,0.5901639344262295,0.7142857142857143,0.6463195691202873,252.0
positive,0.7681159420289855,0.5463917525773195,0.6385542168674698,194.0
accuracy,0.6750700280112045,0.6750700280112045,0.6750700280112045,0.6750700280112045
macro avg,0.6938423696425132,0.6640069168150412,0.6707155044201615,714.0
weighted avg,0.6884678746941402,0.6750700280112045,0.6745954347334628,714.0
