,precision,recall,f1-score,support
negative,0.740484429065744,0.7985074626865671,0.7684021543985636,268.0
neutral,0.6625514403292181,0.6388888888888888,0.6505050505050505,252.0
positive,0.6703296703296703,0.6288659793814433,0.648936170212766,194.0
accuracy,0.696078431372549,0.696078431372549,0.696078431372549,0.696078431372549
macro avg,0.6911218465748775,0.6887541103189664,0.6892811250387934,714.0
weighted avg,0.6939170111996336,0.696078431372549,0.694331466564936,714.0
