,precision,recall,f1-score,support
negative,0.7445255474452555,0.7611940298507462,0.7527675276752767,268.0
neutral,0.6113074204946997,0.6865079365079365,0.6467289719626167,252.0
positive,0.7261146496815286,0.5876288659793815,0.6495726495726495,194.0
accuracy,0.6876750700280112,0.6876750700280112,0.6876750700280112,0.6876750700280112
macro avg,0.6939825392071612,0.6784436107793548,0.6830230497368476,714.0
weighted avg,0.6925049841991728,0.6876750700280112,0.6873032106003467,714.0
