,precision,recall,f1-score,support
negative,0.7015873015873015,0.8246268656716418,0.7581475128644939,268.0
neutral,0.695,0.5515873015873016,0.6150442477876106,252.0
positive,0.678391959798995,0.6958762886597938,0.6870229007633587,194.0
accuracy,0.6932773109243697,0.6932773109243697,0.6932773109243697,0.6932773109243697
macro avg,0.6916597537954322,0.6906968186395791,0.686738220471821,714.0
weighted avg,0.6929599958352967,0.6932773109243697,0.6883153034149213,714.0
