,precision,recall,f1-score,support
negative,0.71,0.7947761194029851,0.75,268.0
neutral,0.6382113821138211,0.623015873015873,0.6305220883534136,252.0
positive,0.7142857142857143,0.6185567010309279,0.6629834254143646,194.0
accuracy,0.6862745098039216,0.6862745098039216,0.6862745098039216,0.6862745098039216
macro avg,0.6874990321331785,0.6787828978165953,0.6811685045892594,714.0
weighted avg,0.685827306532369,0.6862745098039216,0.6841881663801778,714.0
