,precision,recall,f1-score,support
negative,0.7124600638977636,0.832089552238806,0.7676419965576592,268.0
neutral,0.6834170854271356,0.5396825396825397,0.6031042128603104,252.0
positive,0.6831683168316832,0.711340206185567,0.696969696969697,194.0
accuracy,0.696078431372549,0.696078431372549,0.696078431372549,0.696078431372549
macro avg,0.6930151553855275,0.6943707660356376,0.6892386354625556,714.0
weighted avg,0.6942507788761699,0.696078431372549,0.6903675601265715,714.0
