,precision,recall,f1-score,support
negative,0.7233333333333334,0.8097014925373134,0.7640845070422536,268.0
neutral,0.6151079136690647,0.6785714285714286,0.6452830188679245,252.0
positive,0.7794117647058824,0.5463917525773195,0.6424242424242425,194.0
accuracy,0.6918767507002801,0.6918767507002801,0.6918767507002801,0.6918767507002801
macro avg,0.7059510039027601,0.6782215578953538,0.6839305894448069,714.0
weighted avg,0.7003731231524915,0.6918767507002801,0.6890984197091652,714.0
