,precision,recall,f1-score,support
negative,0.7118055555555556,0.7649253731343284,0.7374100719424461,268.0
neutral,0.5979381443298969,0.6904761904761905,0.6408839779005525,252.0
positive,0.7703703703703704,0.5360824742268041,0.6322188449848024,194.0
accuracy,0.6764705882352942,0.6764705882352942,0.6764705882352942,0.6764705882352942
macro avg,0.6933713567519408,0.663828012612441,0.6701709649426003,714.0
weighted avg,0.6875296262071076,0.6764705882352942,0.6747606689615777,714.0
