,precision,recall,f1-score,support
negative,0.6984126984126984,0.8208955223880597,0.7547169811320754,268.0
neutral,0.6323529411764706,0.5119047619047619,0.5657894736842105,252.0
positive,0.6564102564102564,0.6597938144329897,0.6580976863753214,194.0
accuracy,0.6680672268907563,0.6680672268907563,0.6680672268907563,0.6680672268907563
macro avg,0.6623919653331418,0.6641980329086037,0.6595347137305357,714.0
weighted avg,0.6636850617572317,0.6680672268907563,0.6617843830092851,714.0
