,precision,recall,f1-score,support
negative,0.7157190635451505,0.7985074626865671,0.7548500881834216,268.0
neutral,0.6485355648535565,0.6150793650793651,0.6313645621181263,252.0
positive,0.75,0.6804123711340206,0.7135135135135134,194.0
accuracy,0.7016806722689075,0.7016806722689075,0.7016806722689075,0.7016806722689075
macro avg,0.7047515427995691,0.6979997329666509,0.6999093879383538,714.0
weighted avg,0.7013216685899112,0.7016806722689075,0.7000354550539866,714.0
