,precision,recall,f1-score,support
negative,0.7559055118110236,0.7164179104477612,0.735632183908046,268.0
neutral,0.5986394557823129,0.6984126984126984,0.6446886446886446,252.0
positive,0.7168674698795181,0.6134020618556701,0.6611111111111112,194.0
accuracy,0.6820728291316527,0.6820728291316527,0.6820728291316527,0.6820728291316527
macro avg,0.6904708124909517,0.6760775569053766,0.6804773132359339,714.0
weighted avg,0.6897928699987728,0.6820728291316527,0.6832864416028716,714.0
