,precision,recall,f1-score,support
negative,0.7860082304526749,0.7126865671641791,0.7475538160469668,268.0
neutral,0.6141732283464567,0.6190476190476191,0.616600790513834,252.0
positive,0.6359447004608295,0.711340206185567,0.6715328467153285,194.0
accuracy,0.6792717086834734,0.6792717086834734,0.6792717086834734,0.6792717086834734
macro avg,0.6787087197533204,0.6810247974657884,0.6785624844253765,714.0
weighted avg,0.6845870184790264,0.6792717086834734,0.6806795436594496,714.0
