,precision,recall,f1-score,support
negative,0.7231833910034602,0.7798507462686567,0.7504488330341113,268.0
neutral,0.6119402985074627,0.6507936507936508,0.6307692307692307,252.0
positive,0.7070063694267515,0.5721649484536082,0.6324786324786326,194.0
accuracy,0.6778711484593838,0.6778711484593838,0.6778711484593838,0.6778711484593838
macro avg,0.6807100196458915,0.6676031151719718,0.6712322320939915,714.0
weighted avg,0.6795256858285682,0.6778711484593838,0.6761554455291914,714.0
