,precision,recall,f1-score,support
negative,0.7660377358490567,0.7574626865671642,0.7617260787992495,268.0
neutral,0.6813725490196079,0.5515873015873016,0.6096491228070176,252.0
positive,0.6081632653061224,0.7680412371134021,0.6788154897494304,194.0
accuracy,0.6876750700280112,0.6876750700280112,0.6876750700280112,0.6876750700280112
macro avg,0.6851911833915957,0.6923637417559559,0.6833968971185658,714.0
weighted avg,0.6932600406580898,0.6876750700280112,0.6855243320405557,714.0
