,precision,recall,f1-score,support
negative,0.7021943573667712,0.835820895522388,0.7632027257240204,268.0
neutral,0.7128205128205128,0.5515873015873016,0.621923937360179,252.0
positive,0.695,0.7164948453608248,0.7055837563451777,194.0
accuracy,0.7030812324929971,0.7030812324929971,0.7030812324929971,0.7030812324929971
macro avg,0.703338290062428,0.7013010141568382,0.6969034731431257,714.0
weighted avg,0.7039899958054117,0.7030812324929971,0.6976840496355282,714.0
