,precision,recall,f1-score,support
negative,0.7701612903225806,0.7126865671641791,0.7403100775193797,268.0
neutral,0.6156462585034014,0.7182539682539683,0.663003663003663,252.0
positive,0.7325581395348837,0.6494845360824743,0.6885245901639344,194.0
accuracy,0.6974789915966386,0.6974789915966386,0.6974789915966386,0.6974789915966386
macro avg,0.7061218961202886,0.6934750238335404,0.6972794435623256,714.0
weighted avg,0.7054094706149527,0.6974789915966386,0.6989548940391038,714.0
