,precision,recall,f1-score,support
negative,0.6941896024464832,0.8470149253731343,0.7630252100840337,268.0
neutral,0.6945812807881774,0.5595238095238095,0.6197802197802199,252.0
positive,0.7065217391304348,0.6701030927835051,0.6878306878306877,194.0
accuracy,0.6974789915966386,0.6974789915966386,0.6974789915966386,0.6974789915966386
macro avg,0.6984308741216984,0.6922139425601497,0.6902120392316471,714.0
weighted avg,0.6976785904840092,0.6974789915966386,0.6920371500368205,714.0
