,precision,recall,f1-score,support
negative,0.7050847457627119,0.7761194029850746,0.738898756660746,268.0
neutral,0.6332046332046332,0.6507936507936508,0.6418786692759295,252.0
positive,0.73125,0.6030927835051546,0.6610169491525424,194.0
accuracy,0.6848739495798319,0.6848739495798319,0.6848739495798319,0.6848739495798319
macro avg,0.6898464596557817,0.6766686124279601,0.6805981250297393,714.0
weighted avg,0.6868246210531853,0.6848739495798319,0.6834952094932877,714.0
