,precision,recall,f1-score,support
negative,0.7434944237918215,0.746268656716418,0.74487895716946,268.0
neutral,0.5794701986754967,0.6944444444444444,0.631768953068592,252.0
positive,0.7552447552447552,0.5567010309278351,0.6409495548961425,194.0
accuracy,0.6764705882352942,0.6764705882352942,0.6764705882352942,0.6764705882352942
macro avg,0.6927364592373578,0.6658047106962325,0.6725324883780649,714.0
weighted avg,0.6887961878990417,0.6764705882352942,0.6767192581856472,714.0
