,precision,recall,f1-score,support
negative,0.7782258064516129,0.7201492537313433,0.748062015503876,268.0
neutral,0.6231884057971014,0.6825396825396826,0.6515151515151516,252.0
positive,0.7105263157894737,0.6958762886597938,0.7031249999999999,194.0
accuracy,0.7002801120448179,0.7002801120448179,0.7002801120448179,0.7002801120448179
macro avg,0.7039801760127293,0.6995217416436065,0.7009007223396758,714.0
weighted avg,0.7051121843880388,0.7002801120448179,0.7017768744213684,714.0
