,precision,recall,f1-score,support
negative,0.7586206896551724,0.7388059701492538,0.7485822306238186,268.0
neutral,0.6514522821576764,0.623015873015873,0.6369168356997972,252.0
positive,0.6415094339622641,0.7010309278350515,0.6699507389162561,194.0
accuracy,0.6876750700280112,0.6876750700280112,0.6876750700280112,0.6876750700280112
macro avg,0.6838608019250376,0.6876175903333928,0.6851499350799574,714.0
weighted avg,0.6889764007282911,0.6876750700280112,0.687806055676871,714.0
