,precision,recall,f1-score,support
negative,0.3753501400560224,1.0,0.5458248472505092,268.0
neutral,0.0,0.0,0.0,252.0
positive,0.0,0.0,0.0,194.0
accuracy,0.3753501400560224,0.3753501400560224,0.3753501400560224,0.3753501400560224
macro avg,0.12511671335200747,0.3333333333333333,0.18194161575016973,714.0
weighted avg,0.14088772764007562,0.3753501400560224,0.20487543286153567,714.0
