,precision,recall,f1-score,support
negative,0.6520547945205479,0.8880597014925373,0.7519747235387046,268.0
neutral,0.6951871657754011,0.5158730158730159,0.5922551252847381,252.0
positive,0.7530864197530864,0.6288659793814433,0.6853932584269663,194.0
accuracy,0.6862745098039216,0.6862745098039216,0.6862745098039216,0.6862745098039216
macro avg,0.700109460016345,0.6775995655823323,0.6765410357501364,714.0
weighted avg,0.6947291542563119,0.6862745098039216,0.6775123383963002,714.0
