,precision,recall,f1-score,support
negative,0.6647058823529411,0.8432835820895522,0.7434210526315789,268.0
neutral,0.6254980079681275,0.623015873015873,0.6242544731610339,252.0
positive,0.8292682926829268,0.5257731958762887,0.6435331230283912,194.0
accuracy,0.6792717086834734,0.6792717086834734,0.6792717086834734,0.6792717086834734
macro avg,0.7064907276679985,0.6640242169939046,0.6704028829403347,714.0
weighted avg,0.6955808449006221,0.6792717086834734,0.6742218420299042,714.0
