,precision,recall,f1-score,support
negative,0.6544943820224719,0.8694029850746269,0.7467948717948718,268.0
neutral,0.6261682242990654,0.5317460317460317,0.5751072961373391,252.0
positive,0.7430555555555556,0.5515463917525774,0.6331360946745562,194.0
accuracy,0.6638655462184874,0.6638655462184874,0.6638655462184874,0.6638655462184874
macro avg,0.6745727206256976,0.650898469524412,0.6516794208689224,714.0
weighted avg,0.6685597544582139,0.6638655462184874,0.6553171801603628,714.0
