,precision,recall,f1-score,support
negative,0.7266881028938906,0.8432835820895522,0.7806563039723661,268.0
neutral,0.6954022988505747,0.4801587301587302,0.5680751173708921,252.0
positive,0.62882096069869,0.7422680412371134,0.6808510638297872,194.0
accuracy,0.6876750700280112,0.6876750700280112,0.6876750700280112,0.6876750700280112
macro avg,0.6836371208143851,0.6885701178284652,0.6765274950576817,714.0
weighted avg,0.6890547020468535,0.6876750700280112,0.6785096994748426,714.0
