,precision,recall,f1-score,support
negative,0.7350746268656716,0.7350746268656716,0.7350746268656715,268.0
neutral,0.5871886120996441,0.6547619047619048,0.6191369606003754,252.0
positive,0.6909090909090909,0.5876288659793815,0.6350974930362117,194.0
accuracy,0.6666666666666666,0.6666666666666666,0.6666666666666666,0.6666666666666666
macro avg,0.671057443291469,0.6591551325356527,0.6631030268340862,714.0
weighted avg,0.6708794032009439,0.6666666666666666,0.6669907951264982,714.0
