,precision,recall,f1-score,support
negative,0.6583333333333333,0.8843283582089553,0.7547770700636943,268.0
neutral,0.7134831460674157,0.503968253968254,0.5906976744186047,252.0
positive,0.7159090909090909,0.6494845360824743,0.6810810810810811,194.0
accuracy,0.6862745098039216,0.6862745098039216,0.6862745098039216,0.6862745098039216
macro avg,0.6959085234366134,0.6792603827532279,0.6755186085211267,714.0
weighted avg,0.693441806412725,0.6862745098039216,0.6768428549863981,714.0
