,precision,recall,f1-score,support
negative,0.7169117647058824,0.7276119402985075,0.7222222222222223,268.0
neutral,0.5892255892255892,0.6944444444444444,0.6375227686703097,252.0
positive,0.7448275862068966,0.5567010309278351,0.6371681415929205,194.0
accuracy,0.6694677871148459,0.6694677871148459,0.6694677871148459,0.6694677871148459
macro avg,0.6836549800461227,0.6595858052235957,0.6656377108284842,714.0
weighted avg,0.6794310268209565,0.6694677871148459,0.6692183651673672,714.0
