,precision,recall,f1-score,support
negative,0.7421602787456446,0.7947761194029851,0.7675675675675675,268.0
neutral,0.6209386281588448,0.6825396825396826,0.6502835538752363,252.0
positive,0.7666666666666667,0.5927835051546392,0.6686046511627908,194.0
accuracy,0.7002801120448179,0.7002801120448179,0.7002801120448179,0.7002801120448179
macro avg,0.7099218578570521,0.690033102365769,0.6954852575351982,714.0
weighted avg,0.706034765172542,0.7002801120448179,0.6992841260647745,714.0
