,precision,recall,f1-score,support
negative,0.724025974025974,0.832089552238806,0.7743055555555556,268.0
neutral,0.6681034482758621,0.6150793650793651,0.640495867768595,252.0
positive,0.7413793103448276,0.6649484536082474,0.7010869565217391,194.0
accuracy,0.7100840336134454,0.7100840336134454,0.7100840336134454,0.7100840336134454
macro avg,0.7111695775488879,0.7040391236421395,0.7052961266152966,714.0
weighted avg,0.7090036641615894,0.7100840336134454,0.7071844777756194,714.0
