,precision,recall,f1-score,support
negative,0.7619047619047619,0.7164179104477612,0.7384615384615385,268.0
neutral,0.6007194244604317,0.6626984126984127,0.630188679245283,252.0
positive,0.6739130434782609,0.6391752577319587,0.656084656084656,194.0
accuracy,0.6764705882352942,0.6764705882352942,0.6764705882352942,0.6764705882352942
macro avg,0.6788457432811515,0.672763860292711,0.6749116245971593,714.0
weighted avg,0.6811077053071255,0.6764705882352942,0.6778650738906539,714.0
