,precision,recall,f1-score,support
negative,0.75,0.7052238805970149,0.7269230769230768,268.0
neutral,0.6410256410256411,0.5952380952380952,0.617283950617284,252.0
positive,0.6403508771929824,0.7525773195876289,0.6919431279620853,194.0
accuracy,0.6792717086834734,0.6792717086834734,0.6792717086834734,0.6792717086834734
macro avg,0.6771255060728745,0.6843464318075796,0.6787167185008154,714.0
weighted avg,0.6817458427365548,0.6792717086834734,0.6787225588173456,714.0
