,precision,recall,f1-score,support
negative,0.721830985915493,0.7649253731343284,0.7427536231884059,268.0
neutral,0.60431654676259,0.6666666666666666,0.6339622641509434,252.0
positive,0.7368421052631579,0.5773195876288659,0.6473988439306358,194.0
accuracy,0.6792717086834734,0.6792717086834734,0.6792717086834734,0.6792717086834734
macro avg,0.6876632126470802,0.6696372091432871,0.6747049104233284,714.0
weighted avg,0.684433952984002,0.6792717086834734,0.6784479514048652,714.0
