,precision,recall,f1-score,support
negative,0.692063492063492,0.8134328358208955,0.7478559176672385,268.0
neutral,0.6604651162790698,0.5634920634920635,0.6081370449678801,252.0
positive,0.6956521739130435,0.6597938144329897,0.6772486772486773,194.0
accuracy,0.6834733893557423,0.6834733893557423,0.6834733893557423,0.6834733893557423
macro avg,0.6827269274185351,0.6789062379153162,0.6777472132945986,714.0
weighted avg,0.6818862001603248,0.6834733893557423,0.6793587740237662,714.0
