,precision,recall,f1-score,support
negative,0.7299270072992701,0.746268656716418,0.7380073800738008,268.0
neutral,0.5813953488372093,0.6944444444444444,0.6329113924050633,252.0
positive,0.7482014388489209,0.5360824742268041,0.6246246246246246,194.0
accuracy,0.6708683473389355,0.6708683473389355,0.6708683473389355,0.6708683473389355
macro avg,0.6865079316618002,0.6589318584625555,0.6651811323678296,714.0
weighted avg,0.6824693907561229,0.6708683473389355,0.6701075993319774,714.0
