,precision,recall,f1-score,support
negative,0.7389830508474576,0.8134328358208955,0.7744227353463587,268.0
neutral,0.6625,0.6309523809523809,0.646341463414634,252.0
positive,0.7039106145251397,0.6494845360824743,0.6756032171581771,194.0
accuracy,0.7044817927170869,0.7044817927170869,0.7044817927170869,0.7044817927170869
macro avg,0.7017978884575324,0.6979565842852503,0.6987891386397233,714.0
weighted avg,0.7024595474019547,0.7044817927170869,0.702367459358541,714.0
