,precision,recall,f1-score,support
negative,0.7,0.8097014925373134,0.7508650519031141,268.0
neutral,0.645933014354067,0.5357142857142857,0.5856832971800434,252.0
positive,0.6512820512820513,0.654639175257732,0.6529562982005142,194.0
accuracy,0.6708683473389355,0.6708683473389355,0.6708683473389355,0.6708683473389355
macro avg,0.6657383552120394,0.6666849845031103,0.6631682157612239,714.0
weighted avg,0.667680444770228,0.6708683473389355,0.6659629504906237,714.0
