,precision,recall,f1-score,support
negative,0.7527272727272727,0.7723880597014925,0.7624309392265194,268.0
neutral,0.6594827586206896,0.6071428571428571,0.6322314049586776,252.0
positive,0.6666666666666666,0.711340206185567,0.6882793017456359,194.0
accuracy,0.6974789915966386,0.6974789915966386,0.6974789915966386,0.6974789915966386
macro avg,0.6929588993382096,0.6969570410099722,0.6943138819769444,714.0
weighted avg,0.6964340302474176,0.6974789915966386,0.6963305186287777,714.0
