,precision,recall,f1-score,support
negative,0.6590909090909091,0.8656716417910447,0.7483870967741935,268.0
neutral,0.6650943396226415,0.5595238095238095,0.6077586206896551,252.0
positive,0.7333333333333333,0.5670103092783505,0.6395348837209303,194.0
accuracy,0.6764705882352942,0.6764705882352942,0.6764705882352942,0.6764705882352942
macro avg,0.6858395273489614,0.6640685868644016,0.665226867061593,714.0
weighted avg,0.6813820782744201,0.6764705882352942,0.6691774254777835,714.0
