,precision,recall,f1-score,support
negative,0.7420494699646644,0.7835820895522388,0.7622504537205081,268.0
neutral,0.6324110671936759,0.6349206349206349,0.6336633663366337,252.0
positive,0.6966292134831461,0.6391752577319587,0.6666666666666667,194.0
accuracy,0.6918767507002801,0.6918767507002801,0.6918767507002801,0.6918767507002801
macro avg,0.6903632502138288,0.6858926607349441,0.6875268289079361,714.0
weighted avg,0.6910124850126986,0.6918767507002801,0.6908958308785171,714.0
