,precision,recall,f1-score,support
negative,0.7091503267973857,0.8097014925373134,0.7560975609756098,268.0
neutral,0.6183206106870229,0.6428571428571429,0.6303501945525293,252.0
positive,0.7397260273972602,0.5567010309278351,0.6352941176470588,194.0
accuracy,0.6820728291316527,0.6820728291316527,0.6820728291316527,0.6820728291316527
macro avg,0.6890656549605563,0.6697532221074306,0.673913957725066,714.0
weighted avg,0.6854004632911732,0.6820728291316527,0.6788927929863168,714.0
