,precision,recall,f1-score,support
negative,0.7509578544061303,0.7313432835820896,0.7410207939508506,268.0
neutral,0.6111111111111112,0.6111111111111112,0.6111111111111112,252.0
positive,0.6716417910447762,0.6958762886597938,0.6835443037974683,194.0
accuracy,0.6792717086834734,0.6792717086834734,0.6792717086834734,0.6792717086834734
macro avg,0.6779035855206725,0.6794435611176649,0.6785587362864768,714.0
weighted avg,0.6800493171478005,0.6792717086834734,0.6795534561842252,714.0
