,precision,recall,f1-score,support
negative,0.6765578635014837,0.8507462686567164,0.7537190082644628,268.0
neutral,0.6521739130434783,0.5952380952380952,0.6224066390041495,252.0
positive,0.7278911564625851,0.5515463917525774,0.6275659824046922,194.0
accuracy,0.6792717086834734,0.6792717086834734,0.6792717086834734,0.6792717086834734
macro avg,0.6855409776691824,0.6658435852157963,0.6678972098911015,714.0
weighted avg,0.6818994647886494,0.6792717086834734,0.6730965936000448,714.0
