,precision,recall,f1-score,support
negative,0.7220216606498195,0.746268656716418,0.7339449541284405,268.0
neutral,0.6190476190476191,0.6190476190476191,0.6190476190476191,252.0
positive,0.6972972972972973,0.6649484536082474,0.6807387862796834,194.0
accuracy,0.6792717086834734,0.6792717086834734,0.6792717086834734,0.6792717086834734
macro avg,0.679455525664912,0.6767549097907614,0.6779104531519143,714.0
weighted avg,0.6789600570445761,0.6792717086834734,0.67893637569283,714.0
